ID;UUID;Дата;Тип;Категория;Сумма;Счёт;Сотрудник;Комментарий;Чек;Z_Ref;Locked;Смена
1;ab31db59-b44e-4afb-95f8-8888d4b54edd;2026-07-01;income;Выручка наличными;136232.0;Наличные;;из отчёта ДДС · смена;;;;День
2;6a540147-b401-4c78-b0c0-f9b3b656fef7;2026-07-01;income;Выручка безналичными;73068.0;Карта;;из отчёта ДДС · смена;;;;День
3;5334974c-7bdd-49c9-8ec9-6a1199d9f7c8;2026-07-01;expense;Закупка товара;43205.0;Наличные;;из отчёта ДДС;;;;День
4;a5f48544-3d25-404b-9797-2ca3d9d06901;2026-07-01;expense;Выплата поставщику;168323.0;Наличные;;из отчёта ДДС;;;;День
5;3950dcef-16e5-414a-912e-8f557793c8b5;2026-07-01;expense;Зарплата;23800.0;Наличные;;из отчёта ДДС · доля месяца;;;;День
6;24ba7804-b305-46f7-b420-fbdb946f8e3f;2026-07-01;expense;Аренда;12200.0;Наличные;;из отчёта ДДС · доля месяца;;;;День
7;779aaf0f-bcac-40b2-ad52-b4e91d4341b5;2026-07-01;expense;Коммунальные услуги;3000.0;Наличные;;из отчёта ДДС · доля месяца;;;;День
8;7f7b6f49-109e-4169-972b-3b31b626f173;2026-07-01;expense;Налоги;3000.0;Карта;;из отчёта ДДС · доля месяца;;;;День
9;60de938a-6fda-48c2-b5a6-ad720fd11c1c;2026-07-01;expense;Комиссия банка;3116.0;Карта;;из отчёта ДДС;;;;День
10;907e3650-8e32-4ddc-bd4e-f5d99c415f38;2026-07-01;expense;Списание товара;75.0;Наличные;;из отчёта ДДС;;;;День
11;ccde9756-a1e7-4f09-9287-3f4324eaf4df;2026-07-01;expense;Питание сотрудников;1381.0;Наличные;;из отчёта ДДС;;;;День
12;ace4934b-16ef-4cd7-949f-c1e2a598f688;2026-07-01;expense;Расходные материалы;12368.0;Наличные;;из отчёта ДДС;;;;День
13;cd70d67c-7f72-469b-9228-bce2530a204c;2026-07-01;expense;Иман;3334.0;Наличные;;из отчёта ДДС;;;;День
14;b9c2b156-5a7a-4b04-a1da-7628084d0c3d;2026-07-01;income;Выручка наличными;97545.0;Наличные;;из отчёта ДДС · смена;;;;Ночь
15;62733326-5640-4e70-ad1c-c83f2e957e69;2026-07-01;income;Выручка безналичными;60953.0;Карта;;из отчёта ДДС · смена;;;;Ночь
16;da099afe-7d05-4a55-aad0-930395e4c1fd;2026-07-02;income;Выручка наличными;188760.0;Наличные;;из отчёта ДДС · смена;;;;День
17;583e8548-403a-436d-a08d-d71ee79df6fc;2026-07-02;income;Выручка безналичными;64989.0;Карта;;из отчёта ДДС · смена;;;;День
18;f18438ec-8370-4d53-ba44-c3e318e91f2b;2026-07-02;expense;Закупка товара;136699.0;Наличные;;из отчёта ДДС;;;;День
19;3eb8d233-398a-4404-9735-4fb6c4448ab4;2026-07-02;expense;Выплата поставщику;112525.0;Наличные;;из отчёта ДДС;;;;День
20;0d562616-06a7-4bf2-89cb-002523c37b02;2026-07-02;expense;Зарплата;23800.0;Наличные;;из отчёта ДДС · доля месяца;;;;День
21;548d8b40-f744-45fb-936f-510e7d79cc4c;2026-07-02;expense;Аренда;12200.0;Наличные;;из отчёта ДДС · доля месяца;;;;День
22;967d0522-c6cf-4feb-9abe-3301aeea09bf;2026-07-02;expense;Коммунальные услуги;3000.0;Наличные;;из отчёта ДДС · доля месяца;;;;День
23;35d83e3e-2c34-4a60-9e45-0571160433d9;2026-07-02;expense;Налоги;3000.0;Карта;;из отчёта ДДС · доля месяца;;;;День
24;05a38035-ed2b-47a4-9ee9-d630489950e9;2026-07-02;expense;Комиссия банка;2866.0;Карта;;из отчёта ДДС;;;;День
25;72da0d16-2b98-479c-a82d-6dfb0fb70e3f;2026-07-02;expense;Списание товара;297.0;Наличные;;из отчёта ДДС;;;;День
26;6f198346-849c-47d2-bc8c-564698c77d02;2026-07-02;expense;Питание сотрудников;692.0;Наличные;;из отчёта ДДС;;;;День
27;2a6974a2-7b45-4c8f-bd68-ea67b761b11e;2026-07-02;expense;Расходные материалы;91.0;Наличные;;из отчёта ДДС;;;;День
28;037bef7a-e321-4b82-8d72-b64a8483536e;2026-07-02;expense;Иман;2986.0;Наличные;;из отчёта ДДС;;;;День
29;bc97c387-92e5-4014-b677-d6a1ac19ddb1;2026-07-02;income;Выручка наличными;101555.0;Наличные;;из отчёта ДДС · смена;;;;Ночь
30;5e71c83d-5fd9-4b80-9516-7fdab079a687;2026-07-02;income;Выручка безналичными;73032.0;Карта;;из отчёта ДДС · смена;;;;Ночь
31;9401136a-4d27-45d2-aa33-dd3686a459dc;2026-07-03;income;Выручка наличными;180237.0;Наличные;;из отчёта ДДС · смена;;;;День
32;99af3786-ff5a-48eb-981c-b5209b625028;2026-07-03;income;Выручка безналичными;91350.0;Карта;;из отчёта ДДС · смена;;;;День
33;8c3bb9fc-f7f5-4416-b953-f8b562285e27;2026-07-03;expense;Закупка товара;98422.0;Наличные;;из отчёта ДДС;;;;День
34;348b7062-6c4c-49c7-8eb0-abb481836f37;2026-07-03;expense;Выплата поставщику;533899.0;Наличные;;из отчёта ДДС;;;;День
35;0b4b440e-7860-4808-9389-ea26b7888354;2026-07-03;expense;Зарплата;23800.0;Наличные;;из отчёта ДДС · доля месяца;;;;День
36;0cf616a1-cc23-48af-9943-8734892c48db;2026-07-03;expense;Аренда;12200.0;Наличные;;из отчёта ДДС · доля месяца;;;;День
37;d41d25d6-88b9-4671-83c6-7180f108dc6c;2026-07-03;expense;Коммунальные услуги;3000.0;Наличные;;из отчёта ДДС · доля месяца;;;;День
38;cbc3b9a2-c870-4f99-a41d-2dac602ab9fb;2026-07-03;expense;Налоги;3000.0;Карта;;из отчёта ДДС · доля месяца;;;;День
39;1b215960-f2af-4fe5-95f1-3a347fcd4466;2026-07-03;expense;Комиссия банка;7429.0;Карта;;из отчёта ДДС;;;;День
40;2dbcea01-3a1a-4613-bc1d-e0e40174db78;2026-07-03;expense;Списание товара;360.0;Наличные;;из отчёта ДДС;;;;День
41;663205d2-71f0-4863-bd36-72869fd15f88;2026-07-03;expense;Питание сотрудников;718.0;Наличные;;из отчёта ДДС;;;;День
42;e63ecdae-a900-4746-810b-db7a39253ed6;2026-07-03;expense;Расходные материалы;1830.0;Наличные;;из отчёта ДДС;;;;День
43;1e9de747-a5d9-4d64-b27b-2e17e9d4dc4a;2026-07-03;expense;Иман;6448.0;Наличные;;из отчёта ДДС;;;;День
44;873aa4ad-e860-4151-8ba5-3f2ddba80f12;2026-07-03;income;Выручка наличными;99780.0;Наличные;;из отчёта ДДС · смена;;;;Ночь
45;53d67fd5-1213-4696-8286-97f56136cba7;2026-07-03;income;Выручка безналичными;87523.0;Карта;;из отчёта ДДС · смена;;;;Ночь
46;f69ab932-4442-4c7b-b113-bc92cc723b24;2026-07-04;income;Выручка наличными;167826.0;Наличные;;из отчёта ДДС · смена;;;;День
47;26647c7b-9b76-41e1-b3dd-a93679895cb6;2026-07-04;income;Выручка безналичными;112156.0;Карта;;из отчёта ДДС · смена;;;;День
48;629d1f7f-8709-4d27-a3fc-e346dc8693b0;2026-07-04;expense;Закупка товара;32835.0;Наличные;;из отчёта ДДС;;;;День
49;49e3b142-e2a5-4653-97d8-e53752f657ca;2026-07-04;expense;Выплата поставщику;191409.0;Наличные;;из отчёта ДДС;;;;День
50;14a09d37-9ce0-49d3-84f9-979f439da07d;2026-07-04;expense;Зарплата;23800.0;Наличные;;из отчёта ДДС · доля месяца;;;;День
51;892c384e-f26f-49aa-b80d-37516a397e8d;2026-07-04;expense;Аренда;12200.0;Наличные;;из отчёта ДДС · доля месяца;;;;День
52;3f2e544f-7579-440e-86e8-e39eb75e389b;2026-07-04;expense;Коммунальные услуги;3000.0;Наличные;;из отчёта ДДС · доля месяца;;;;День
53;d55f6cdc-1a56-49f7-bb90-d991dc2fa5e4;2026-07-04;expense;Налоги;3000.0;Карта;;из отчёта ДДС · доля месяца;;;;День
54;dbb0c787-4409-4d77-9e02-ec9835eadb9c;2026-07-04;expense;Комиссия банка;3517.0;Карта;;из отчёта ДДС;;;;День
55;8ba35463-9d8f-4c26-bb52-f045a08cb473;2026-07-04;expense;Списание товара;746.0;Наличные;;из отчёта ДДС;;;;День
56;f34878eb-4f9d-49e0-b645-4bee9242c7f9;2026-07-04;expense;Питание сотрудников;654.0;Наличные;;из отчёта ДДС;;;;День
57;56e163c9-606d-4fb4-9018-581a13e4d6ed;2026-07-04;expense;Иман;1275.0;Наличные;;из отчёта ДДС;;;;День
58;2d23424b-95cb-4b13-bcbb-fd9649611634;2026-07-04;income;Выручка наличными;150380.0;Наличные;;из отчёта ДДС · смена;;;;Ночь
59;60c7ea36-1eb7-4e49-88e8-413de1983bb7;2026-07-04;income;Выручка безналичными;16507.0;Карта;;из отчёта ДДС · смена;;;;Ночь
60;330a5ab5-b942-4dd0-96d3-03a5750a3618;2026-07-05;income;Выручка наличными;166796.0;Наличные;;из отчёта ДДС · смена;;;;День
61;2f890b28-1735-4f17-8823-8dd7c5a4218c;2026-07-05;income;Выручка безналичными;87408.0;Карта;;из отчёта ДДС · смена;;;;День
62;58252593-5a78-4099-9aac-339661725133;2026-07-05;expense;Закупка товара;21926.0;Наличные;;из отчёта ДДС;;;;День
63;1782ab77-b89d-49e3-b34c-6a8cf38b3d1a;2026-07-05;expense;Выплата поставщику;352329.0;Наличные;;из отчёта ДДС;;;;День
64;45d38ce3-59d4-4872-ac2b-a1e9eeba95d6;2026-07-05;expense;Зарплата;23800.0;Наличные;;из отчёта ДДС · доля месяца;;;;День
65;b160f4d5-830e-466f-b4dc-9e97d3ad9a00;2026-07-05;expense;Аренда;12200.0;Наличные;;из отчёта ДДС · доля месяца;;;;День
66;5c88a057-0971-45e0-86e3-d460a41bbb57;2026-07-05;expense;Коммунальные услуги;3000.0;Наличные;;из отчёта ДДС · доля месяца;;;;День
67;76e28c65-c48d-4529-9747-3d6524419e5d;2026-07-05;expense;Налоги;3000.0;Карта;;из отчёта ДДС · доля месяца;;;;День
68;798aca02-fc61-4826-b6a4-cfdccc3f820f;2026-07-05;expense;Комиссия банка;3211.0;Карта;;из отчёта ДДС;;;;День
69;cd12787e-5a83-461e-9231-695a76f5f392;2026-07-05;expense;Питание сотрудников;691.0;Наличные;;из отчёта ДДС;;;;День
70;b63aac56-b32f-4263-ba66-f52c39ad4582;2026-07-05;expense;Иман;6020.0;Наличные;;из отчёта ДДС;;;;День
71;8fecd101-8698-459f-adac-feeda136c7cc;2026-07-05;income;Выручка наличными;82780.0;Наличные;;из отчёта ДДС · смена;;;;Ночь
72;2bfcd8b9-0d14-4ad9-b35f-a50688d863a6;2026-07-05;income;Выручка безналичными;87400.0;Карта;;из отчёта ДДС · смена;;;;Ночь
73;41491e28-cfa5-4587-acf1-eee9aaabe658;2026-07-06;income;Выручка наличными;140414.0;Наличные;;из отчёта ДДС · смена;;;;День
74;0aa3dbcd-6224-4799-bf07-a18e49819fbe;2026-07-06;income;Выручка безналичными;95180.0;Карта;;из отчёта ДДС · смена;;;;День
75;04f90a81-c800-446e-9bbd-65312f88bd60;2026-07-06;expense;Закупка товара;81063.0;Наличные;;из отчёта ДДС;;;;День
76;2f89eb12-b6b9-4d01-a02a-e0a3c1c30f3f;2026-07-06;expense;Выплата поставщику;203858.0;Наличные;;из отчёта ДДС;;;;День
77;d5900acf-a9a1-4bde-8596-77b63bc543fe;2026-07-06;expense;Зарплата;23800.0;Наличные;;из отчёта ДДС · доля месяца;;;;День
78;ff676886-989a-424d-b280-d05d2aa682d0;2026-07-06;expense;Аренда;12200.0;Наличные;;из отчёта ДДС · доля месяца;;;;День
79;8bfe3e9c-c316-4ecf-838f-15e891f89ee7;2026-07-06;expense;Коммунальные услуги;3000.0;Наличные;;из отчёта ДДС · доля месяца;;;;День
80;a8f39b0b-0567-4758-b89f-3d5ca9838dd7;2026-07-06;expense;Налоги;3000.0;Карта;;из отчёта ДДС · доля месяца;;;;День
81;d253d391-ca6f-4c3d-b970-5035451c8965;2026-07-06;expense;Комиссия банка;3969.0;Карта;;из отчёта ДДС;;;;День
82;9f7a2a09-6028-46b3-9d40-aee66e34b38c;2026-07-06;expense;Списание товара;686.0;Наличные;;из отчёта ДДС;;;;День
83;7c9e0d33-c34a-42ed-b301-1320d9a50b21;2026-07-06;expense;Питание сотрудников;719.0;Наличные;;из отчёта ДДС;;;;День
84;f2e4a8c2-0774-4a31-8ee6-971f50453dd3;2026-07-06;expense;Расходные материалы;2980.0;Наличные;;из отчёта ДДС;;;;День
85;4a961169-b0a7-4852-ba9f-e7e97b43cca0;2026-07-06;expense;Иман;4648.0;Наличные;;из отчёта ДДС;;;;День
86;c4c09cbe-76de-472f-be91-952b6afd3f81;2026-07-06;income;Выручка наличными;93240.0;Наличные;;из отчёта ДДС · смена;;;;Ночь
87;bd25c9fc-0974-45fc-b873-758f3aa271bc;2026-07-06;income;Выручка безналичными;73279.0;Карта;;из отчёта ДДС · смена;;;;Ночь
88;a5377136-3663-4506-878a-9b24c806bf51;2026-07-07;income;Выручка наличными;148973.0;Наличные;;из отчёта ДДС · смена;;;;День
89;0c7c2655-0930-44f8-b7b6-243cee0c4d33;2026-07-07;income;Выручка безналичными;79983.0;Карта;;из отчёта ДДС · смена;;;;День
90;96e62439-5195-4f83-b967-960f76a61cbf;2026-07-07;expense;Закупка товара;61393.0;Наличные;;из отчёта ДДС;;;;День
91;f458cd39-49f8-4853-b979-cda70264e55c;2026-07-07;expense;Выплата поставщику;83659.0;Наличные;;из отчёта ДДС;;;;День
92;9ad03b51-2723-495d-b797-3fa1de0b761f;2026-07-07;expense;Зарплата;23800.0;Наличные;;из отчёта ДДС · доля месяца;;;;День
93;8c989d9c-7ef8-4924-a668-20af7139ee73;2026-07-07;expense;Аренда;12200.0;Наличные;;из отчёта ДДС · доля месяца;;;;День
94;745e367e-13b5-432c-a9c1-cfb58c54cac2;2026-07-07;expense;Коммунальные услуги;3000.0;Наличные;;из отчёта ДДС · доля месяца;;;;День
95;9368dcc4-aa37-4d9f-9b77-0e9196a73a67;2026-07-07;expense;Налоги;3000.0;Карта;;из отчёта ДДС · доля месяца;;;;День
96;65b92fe5-0589-4099-bad0-6695945c9708;2026-07-07;expense;Комиссия банка;4094.0;Карта;;из отчёта ДДС;;;;День
97;e7ec7f46-9e62-47ff-9170-b7b289fefb79;2026-07-07;expense;Списание товара;722.0;Наличные;;из отчёта ДДС;;;;День
98;9cfd665b-24d2-4dbd-b0a0-e63a7b5d9654;2026-07-07;expense;Питание сотрудников;696.0;Наличные;;из отчёта ДДС;;;;День
99;9abe6de6-dac0-4133-8d09-8ff2f211610a;2026-07-07;expense;Топливо;1500.0;Наличные;;из отчёта ДДС;;;;День
100;4fb29d06-021f-419f-acba-12dbcc2f90a3;2026-07-07;income;Выручка наличными;62575.0;Наличные;;из отчёта ДДС · смена;;;;Ночь
101;8790c361-1932-40dc-8bdc-31dc617b14de;2026-07-07;income;Выручка безналичными;62799.0;Карта;;из отчёта ДДС · смена;;;;Ночь
102;398cf4ff-32e3-45cb-9492-460c2f52570c;2026-07-08;income;Выручка наличными;155705.0;Наличные;;из отчёта ДДС · смена;;;;День
103;27eb1be1-af5c-4d69-9387-cd4e1b6bf59e;2026-07-08;income;Выручка безналичными;83415.0;Карта;;из отчёта ДДС · смена;;;;День
104;ca5d86f9-ff3a-4b60-aad9-4796c8baccfc;2026-07-08;expense;Закупка товара;102556.0;Наличные;;из отчёта ДДС;;;;День
105;c76d6e45-3a62-41d8-8aee-a2cb0815d7d6;2026-07-08;expense;Выплата поставщику;163235.0;Наличные;;из отчёта ДДС;;;;День
106;835a069f-3c3d-401d-b765-5344ef038181;2026-07-08;expense;Зарплата;23800.0;Наличные;;из отчёта ДДС · доля месяца;;;;День
107;dd7a4e2e-5c01-46f5-b906-8b3fb03de72b;2026-07-08;expense;Аренда;12200.0;Наличные;;из отчёта ДДС · доля месяца;;;;День
108;609f50d6-ce79-474d-a464-a81e9dd36814;2026-07-08;expense;Коммунальные услуги;3000.0;Наличные;;из отчёта ДДС · доля месяца;;;;День
109;20b8d3de-71a8-4160-a306-010bf982269f;2026-07-08;expense;Налоги;3000.0;Карта;;из отчёта ДДС · доля месяца;;;;День
110;e63e5027-8ca7-4de3-a0e5-18c7ea6bb866;2026-07-08;expense;Комиссия банка;3890.0;Карта;;из отчёта ДДС;;;;День
111;77d41383-36da-4580-9188-9210e95fed39;2026-07-08;expense;Списание товара;400.0;Наличные;;из отчёта ДДС;;;;День
112;cdb21e2d-e49a-4136-be99-d997674f23ae;2026-07-08;expense;Питание сотрудников;702.0;Наличные;;из отчёта ДДС;;;;День
113;d23c5b20-4fcd-4759-bc17-33d96341edb4;2026-07-08;expense;Расходные материалы;696.0;Наличные;;из отчёта ДДС;;;;День
114;a267af07-42ff-4e32-a44e-82eb4185f006;2026-07-08;income;Выручка наличными;83190.0;Наличные;;из отчёта ДДС · смена;;;;Ночь
115;48d96c53-0c57-4e6c-be0b-6d2a7aae8862;2026-07-08;income;Выручка безналичными;75769.0;Карта;;из отчёта ДДС · смена;;;;Ночь
116;1b6876e3-61f6-4d77-852c-db57beec2b58;2026-07-09;income;Выручка наличными;136635.0;Наличные;;из отчёта ДДС · смена;;;;День
117;84db3497-461c-45fe-bac8-f801e0cf66cb;2026-07-09;income;Выручка безналичными;88345.0;Карта;;из отчёта ДДС · смена;;;;День
118;190463e4-d8f4-4b75-88a3-335239faa57b;2026-07-09;expense;Закупка товара;71004.0;Наличные;;из отчёта ДДС;;;;День
119;e656409d-bed5-4fda-8148-afd8d2a7cf5e;2026-07-09;expense;Выплата поставщику;431175.0;Наличные;;из отчёта ДДС;;;;День
120;ef826835-abec-4cad-8a43-e88d62386dbb;2026-07-09;expense;Зарплата;23800.0;Наличные;;из отчёта ДДС · доля месяца;;;;День
121;e21c93fe-8eed-48eb-b3df-37f3cf445a48;2026-07-09;expense;Аренда;12200.0;Наличные;;из отчёта ДДС · доля месяца;;;;День
122;d52357c5-3928-425b-9fbf-fbf92f2d5d42;2026-07-09;expense;Коммунальные услуги;3000.0;Наличные;;из отчёта ДДС · доля месяца;;;;День
123;3fd8493a-c49a-468f-8153-845aa11f4a16;2026-07-09;expense;Налоги;3000.0;Карта;;из отчёта ДДС · доля месяца;;;;День
124;e149e202-ff0d-4779-bc9d-5723a902bb8b;2026-07-09;expense;Комиссия банка;3256.0;Карта;;из отчёта ДДС;;;;День
125;f82a9b58-d007-4339-b966-f9107a0e14bc;2026-07-09;expense;Списание товара;158.0;Наличные;;из отчёта ДДС;;;;День
126;1ecc7c8b-208a-4c88-80a3-0fd3581729ab;2026-07-09;expense;Питание сотрудников;725.0;Наличные;;из отчёта ДДС;;;;День
127;366d42ff-1ad9-4348-8109-5e409a542b8d;2026-07-09;expense;Расходные материалы;13.0;Наличные;;из отчёта ДДС;;;;День
128;ac6a5fb9-41e9-43dc-993e-03337f449309;2026-07-09;income;Выручка наличными;91265.0;Наличные;;из отчёта ДДС · смена;;;;Ночь
129;f767c7c5-f17c-44b4-87d5-26c05b83b8ed;2026-07-09;income;Выручка безналичными;66700.0;Карта;;из отчёта ДДС · смена;;;;Ночь
130;8da3f778-215e-4025-9d5f-0c642425f845;2026-07-10;income;Выручка наличными;171306.0;Наличные;;из отчёта ДДС · смена;;;;День
131;0140e14b-2e5d-4560-9383-76c5fd416d90;2026-07-10;income;Выручка безналичными;92288.0;Карта;;из отчёта ДДС · смена;;;;День
132;a9073ccd-0102-4c13-b8e1-fa83ea6fc1ad;2026-07-10;expense;Закупка товара;95213.0;Наличные;;из отчёта ДДС;;;;День
133;a1c6fa4d-bb4d-4217-8964-dedcc72d0202;2026-07-10;expense;Выплата поставщику;237372.0;Наличные;;из отчёта ДДС;;;;День
134;c88f2576-46cc-4da1-83ec-fa07b2ef664c;2026-07-10;expense;Зарплата;23800.0;Наличные;;из отчёта ДДС · доля месяца;;;;День
135;a36724f0-dc84-4611-860a-e660cd809fba;2026-07-10;expense;Аренда;12200.0;Наличные;;из отчёта ДДС · доля месяца;;;;День
136;f318b167-5f34-4450-97fc-766e3b029f0b;2026-07-10;expense;Коммунальные услуги;3000.0;Наличные;;из отчёта ДДС · доля месяца;;;;День
137;3d5b6156-ded1-4677-a3c2-0f5f4a60b9d8;2026-07-10;expense;Налоги;3000.0;Карта;;из отчёта ДДС · доля месяца;;;;День
138;0f751f0d-6bfc-4af6-bd0a-758559389aae;2026-07-10;expense;Комиссия банка;6845.0;Карта;;из отчёта ДДС;;;;День
139;1c775a29-32c3-4056-9ca4-ccd7421f9aad;2026-07-10;expense;Списание товара;273.0;Наличные;;из отчёта ДДС;;;;День
140;4e90360e-dcf1-4427-b1c9-86d76d2e7e46;2026-07-10;expense;Питание сотрудников;570.0;Наличные;;из отчёта ДДС;;;;День
141;2a706f55-af74-40a5-9f95-65a38b33dddf;2026-07-10;expense;Расходные материалы;154.0;Наличные;;из отчёта ДДС;;;;День
142;37e69127-ed21-448d-8d55-46159676e8db;2026-07-10;income;Выручка наличными;106130.0;Наличные;;из отчёта ДДС · смена;;;;Ночь
143;7e3d6932-bc0a-4052-be2e-3f3116c14078;2026-07-10;income;Выручка безналичными;83150.0;Карта;;из отчёта ДДС · смена;;;;Ночь
144;1975ce47-5b00-4026-b2bd-2a33bb628084;2026-07-11;income;Выручка наличными;170135.0;Наличные;;из отчёта ДДС · смена;;;;День
145;3e2e66e9-527e-4bb1-a89e-52ec504de0e6;2026-07-11;income;Выручка безналичными;109673.0;Карта;;из отчёта ДДС · смена;;;;День
146;7914444b-0df4-43f1-8bbf-b1855637ac4e;2026-07-11;expense;Закупка товара;32075.0;Наличные;;из отчёта ДДС;;;;День
147;6f15f1bc-a1de-431c-8fa8-ba2b8ab8ca87;2026-07-11;expense;Выплата поставщику;194647.0;Наличные;;из отчёта ДДС;;;;День
148;e8d8e1ec-00b3-4686-8c2b-86d910c31a30;2026-07-11;expense;Зарплата;23800.0;Наличные;;из отчёта ДДС · доля месяца;;;;День
149;149fcc25-e4fe-4b36-897a-b73192ba9893;2026-07-11;expense;Аренда;12200.0;Наличные;;из отчёта ДДС · доля месяца;;;;День
150;4da0359c-a766-4a31-89c1-06d95fdb2fc9;2026-07-11;expense;Коммунальные услуги;3000.0;Наличные;;из отчёта ДДС · доля месяца;;;;День
151;2eaac783-364e-470e-a9df-8b45c53a193f;2026-07-11;expense;Налоги;3000.0;Карта;;из отчёта ДДС · доля месяца;;;;День
152;5de82180-10e0-4997-8156-a58eeec843c1;2026-07-11;expense;Комиссия банка;4071.0;Карта;;из отчёта ДДС;;;;День
153;41aaac03-7770-4b0b-8fcd-beacc2762564;2026-07-11;expense;Питание сотрудников;701.0;Наличные;;из отчёта ДДС;;;;День
154;3ad289de-93c6-4a42-8f3e-bc99df1f6c5c;2026-07-11;expense;Иман;3542.0;Наличные;;из отчёта ДДС;;;;День
155;9a5c3a49-ea7e-433b-b0ae-be90538af4c9;2026-07-11;income;Выручка наличными;99821.0;Наличные;;из отчёта ДДС · смена;;;;Ночь
156;1434145d-7a0b-4484-b36e-f4d42805e849;2026-07-11;income;Выручка безналичными;83951.0;Карта;;из отчёта ДДС · смена;;;;Ночь
157;2b170f43-bccc-4530-9b7a-1af375f7e8b1;2026-07-12;income;Выручка наличными;158280.0;Наличные;;из отчёта ДДС · смена;;;;День
158;87f5491f-eae6-49fd-bcc3-ab6ebaf29e7a;2026-07-12;income;Выручка безналичными;93360.0;Карта;;из отчёта ДДС · смена;;;;День
159;8dd7ee90-9201-425a-8751-4853fc7262a8;2026-07-12;expense;Закупка товара;49659.0;Наличные;;из отчёта ДДС;;;;День
160;a79d43bb-7ad0-40d8-9fb7-c8cf9917b69f;2026-07-12;expense;Выплата поставщику;356710.0;Наличные;;из отчёта ДДС;;;;День
161;afb5ab70-2efe-47f7-8e2e-79f0408c3ddd;2026-07-12;expense;Зарплата;23800.0;Наличные;;из отчёта ДДС · доля месяца;;;;День
162;68a55ea8-88ff-41ee-909d-9c71fa49d672;2026-07-12;expense;Аренда;12200.0;Наличные;;из отчёта ДДС · доля месяца;;;;День
163;ff0c551f-81b9-4aa4-9767-e4ce8b656b75;2026-07-12;expense;Коммунальные услуги;3000.0;Наличные;;из отчёта ДДС · доля месяца;;;;День
164;9765940e-4751-4232-8206-8eba70676b21;2026-07-12;expense;Налоги;3000.0;Карта;;из отчёта ДДС · доля месяца;;;;День
165;a3e3177c-8b89-438b-9de5-a1a9c7cac288;2026-07-12;expense;Комиссия банка;4931.0;Карта;;из отчёта ДДС;;;;День
166;d240c897-d6cf-4932-82d9-3b994f0882e4;2026-07-12;expense;Списание товара;1200.0;Наличные;;из отчёта ДДС;;;;День
167;da464667-4e27-4f85-bfee-d529e4c7328e;2026-07-12;expense;Питание сотрудников;692.0;Наличные;;из отчёта ДДС;;;;День
168;2d48065d-8f81-4650-9c13-f86ed646065b;2026-07-12;expense;Расходные материалы;197.0;Наличные;;из отчёта ДДС;;;;День
169;992e9cc6-0142-4d13-b867-bf265fa408d4;2026-07-12;expense;Иман;1485.0;Наличные;;из отчёта ДДС;;;;День
170;f745acd7-2866-4bfa-b914-9b5c6e4dbcb2;2026-07-12;income;Выручка наличными;75355.0;Наличные;;из отчёта ДДС · смена;;;;Ночь
171;3f6a0ae5-f02c-4588-84ce-25a94bc65b73;2026-07-12;income;Выручка безналичными;93819.0;Карта;;из отчёта ДДС · смена;;;;Ночь
172;2521a595-d01b-408c-829a-f7b4e452e73c;2026-07-13;income;Выручка наличными;128961.0;Наличные;;из отчёта ДДС · смена;;;;День
173;ce7c9741-f2ad-4d4c-8244-1dfcb0163048;2026-07-13;income;Выручка безналичными;83695.0;Карта;;из отчёта ДДС · смена;;;;День
174;f87864a3-f137-4dae-865a-3d9cf7c17d96;2026-07-13;expense;Закупка товара;39674.0;Наличные;;из отчёта ДДС;;;;День
175;e3c826f0-a6f6-4405-b41d-1ddc0f823ce4;2026-07-13;expense;Выплата поставщику;247538.0;Наличные;;из отчёта ДДС;;;;День
176;61a7d4ba-4340-45d4-a60b-ff112fc58253;2026-07-13;expense;Зарплата;23800.0;Наличные;;из отчёта ДДС · доля месяца;;;;День
177;bb1212dc-0ed9-4147-a9eb-fffb5ee7dfb3;2026-07-13;expense;Аренда;12200.0;Наличные;;из отчёта ДДС · доля месяца;;;;День
178;d35893d7-f1db-4c79-a648-42bf8647cde8;2026-07-13;expense;Коммунальные услуги;3000.0;Наличные;;из отчёта ДДС · доля месяца;;;;День
179;17d0a5c3-2e26-4830-97ce-bb5fbfa9aa3f;2026-07-13;expense;Налоги;3000.0;Карта;;из отчёта ДДС · доля месяца;;;;День
180;b2647307-0673-4d70-b934-8b6073fa4aaf;2026-07-13;expense;Комиссия банка;3777.0;Карта;;из отчёта ДДС;;;;День
181;55494829-3a8d-4ad0-849a-ccf04950643d;2026-07-13;expense;Списание товара;134.0;Наличные;;из отчёта ДДС;;;;День
182;2acfcd5d-7b20-4ef6-b8aa-d49d3f6d59c7;2026-07-13;expense;Питание сотрудников;691.0;Наличные;;из отчёта ДДС;;;;День
183;2696937e-2dbd-44f1-9eba-a8f73c6fddf0;2026-07-13;expense;Расходные материалы;2210.0;Наличные;;из отчёта ДДС;;;;День
184;e70a505c-56e7-48f4-a7c7-f680e1a9f25e;2026-07-13;expense;Иман;2383.0;Наличные;;из отчёта ДДС;;;;День
185;af9a3b14-3c1f-4b5b-97c5-049e58a5102e;2026-07-13;income;Выручка наличными;82222.0;Наличные;;из отчёта ДДС · смена;;;;Ночь
186;31886d26-7619-4add-b0cb-34a9c4868075;2026-07-13;income;Выручка безналичными;78240.0;Карта;;из отчёта ДДС · смена;;;;Ночь
187;c81c2b8d-924e-4096-9e47-170337664aa6;2026-07-14;income;Выручка наличными;166430.0;Наличные;;из отчёта ДДС · смена;;;;День
188;debec6a7-cf50-4c06-abb0-e5d124ada765;2026-07-14;income;Выручка безналичными;108992.0;Карта;;из отчёта ДДС · смена;;;;День
189;cf7c8714-f4b7-4437-8535-87d2771debf5;2026-07-14;expense;Закупка товара;46000.0;Наличные;;из отчёта ДДС;;;;День
190;924747a8-63a7-46cb-9395-2aba0612d233;2026-07-14;expense;Выплата поставщику;303235.0;Наличные;;из отчёта ДДС;;;;День
191;31c764f0-8544-4701-9061-befe82728b20;2026-07-14;expense;Зарплата;23800.0;Наличные;;из отчёта ДДС · доля месяца;;;;День
192;9db63b14-9671-4cf7-9d83-aa96ea4095b2;2026-07-14;expense;Аренда;12200.0;Наличные;;из отчёта ДДС · доля месяца;;;;День
193;93098643-a8c0-4bfe-9b21-302f7bb6fda3;2026-07-14;expense;Коммунальные услуги;3000.0;Наличные;;из отчёта ДДС · доля месяца;;;;День
194;d5df4556-93f9-402e-ae4a-a6839444915d;2026-07-14;expense;Налоги;3000.0;Карта;;из отчёта ДДС · доля месяца;;;;День
195;4b7d84f7-c663-4fa8-8ae9-916e5860963e;2026-07-14;expense;Комиссия банка;3971.0;Карта;;из отчёта ДДС;;;;День
196;b203c926-9a68-4789-a377-2b597703d9ff;2026-07-14;expense;Списание товара;1014.0;Наличные;;из отчёта ДДС;;;;День
197;f92284c6-dd18-408a-b0c3-476d094d3d4f;2026-07-14;expense;Питание сотрудников;697.0;Наличные;;из отчёта ДДС;;;;День
198;e6fc70a4-5c35-41d8-84ac-7806ddab6e55;2026-07-14;expense;Расходные материалы;13744.0;Наличные;;из отчёта ДДС;;;;День
199;4a966af3-07b8-4c25-bb7c-ae6463c87348;2026-07-14;expense;Иман;5187.0;Наличные;;из отчёта ДДС;;;;День
200;06b76616-78bc-407b-8f00-2993e8e2f77a;2026-07-14;income;Выручка наличными;97885.0;Наличные;;из отчёта ДДС · смена;;;;Ночь
201;f3ab4236-4232-48c8-85dd-c7f97950253c;2026-07-14;income;Выручка безналичными;76846.0;Карта;;из отчёта ДДС · смена;;;;Ночь
202;0412c3dc-db86-43ba-9f55-af0dc7eef4f6;2026-07-15;income;Выручка наличными;194281.0;Наличные;;из отчёта ДДС · смена;;;;День
203;df117b91-1acc-402f-9ffc-1df5f0460b87;2026-07-15;income;Выручка безналичными;101982.0;Карта;;из отчёта ДДС · смена;;;;День
204;5b7162fd-1fb8-40d2-9314-e8c2c2572ada;2026-07-15;expense;Закупка товара;45778.0;Наличные;;из отчёта ДДС;;;;День
205;6a04f139-ced6-4cad-9f22-f7d19668a262;2026-07-15;expense;Выплата поставщику;300398.0;Наличные;;из отчёта ДДС;;;;День
206;29693ff5-b06a-4895-a8e1-94071c823359;2026-07-15;expense;Зарплата;23800.0;Наличные;;из отчёта ДДС · доля месяца;;;;День
207;c7023686-3251-4e74-9b27-72e4e0337764;2026-07-15;expense;Аренда;12200.0;Наличные;;из отчёта ДДС · доля месяца;;;;День
208;adb062ac-4de3-4c94-ab40-a61b297b2a8e;2026-07-15;expense;Коммунальные услуги;3000.0;Наличные;;из отчёта ДДС · доля месяца;;;;День
209;f4a10465-de9c-477c-ba57-497e71fe7e71;2026-07-15;expense;Налоги;3000.0;Карта;;из отчёта ДДС · доля месяца;;;;День
210;3385a3bd-25a3-4f46-b44b-39acfc3ac325;2026-07-15;expense;Комиссия банка;4297.0;Карта;;из отчёта ДДС;;;;День
211;2414098e-8a54-4f12-bafe-d82429f3a400;2026-07-15;expense;Списание товара;1603.0;Наличные;;из отчёта ДДС;;;;День
212;74b5596b-7952-445f-a94b-c7a53dcb3da2;2026-07-15;expense;Питание сотрудников;737.0;Наличные;;из отчёта ДДС;;;;День
213;14c9983d-34e4-4b01-b7fe-8c943a77ddcb;2026-07-15;expense;Топливо;1500.0;Наличные;;из отчёта ДДС;;;;День
214;26921834-abd0-46d6-a6a3-45db5de3306d;2026-07-15;expense;Расходные материалы;148.0;Наличные;;из отчёта ДДС;;;;День
215;5be8bf6a-ca47-4f37-9dda-58a73990854b;2026-07-15;expense;Иман;8641.0;Наличные;;из отчёта ДДС;;;;День
216;d00d5b2e-124c-4836-aa81-cc1a44963f32;2026-07-15;income;Выручка наличными;81690.0;Наличные;;из отчёта ДДС · смена;;;;Ночь
217;eea304c0-c614-4f65-91c4-636510086edc;2026-07-15;income;Выручка безналичными;83599.0;Карта;;из отчёта ДДС · смена;;;;Ночь
218;81308987-ca45-432f-a506-247213a40af5;2026-07-16;income;Выручка наличными;177552.0;Наличные;;из отчёта ДДС · смена;;;;День
219;0eec6910-d856-429d-b1cc-f5e0a2d7a7b5;2026-07-16;income;Выручка безналичными;117653.0;Карта;;из отчёта ДДС · смена;;;;День
220;29f4e604-fc57-44b4-ac03-7d5e5687edb9;2026-07-16;expense;Закупка товара;100419.0;Наличные;;из отчёта ДДС;;;;День
221;be18c1f4-90d4-4e70-8304-81abc6963641;2026-07-16;expense;Выплата поставщику;257054.0;Наличные;;из отчёта ДДС;;;;День
222;06487331-ac7f-481c-af26-bf09d769885f;2026-07-16;expense;Зарплата;23800.0;Наличные;;из отчёта ДДС · доля месяца;;;;День
223;099948fe-1455-4dec-8208-85aa830e9110;2026-07-16;expense;Аренда;12200.0;Наличные;;из отчёта ДДС · доля месяца;;;;День
224;595ac82b-844e-4edd-bf44-f32a06ce023d;2026-07-16;expense;Коммунальные услуги;3000.0;Наличные;;из отчёта ДДС · доля месяца;;;;День
225;15ea2155-1bf6-4bbf-a18e-4537db6d6d67;2026-07-16;expense;Налоги;3000.0;Карта;;из отчёта ДДС · доля месяца;;;;День
226;93804c62-c3c2-4ddb-8b8d-aaf0405c1725;2026-07-16;expense;Комиссия банка;4424.0;Карта;;из отчёта ДДС;;;;День
227;3fd2fdd8-b4b0-4648-9734-9ee50416f3aa;2026-07-16;expense;Списание товара;689.0;Наличные;;из отчёта ДДС;;;;День
228;4616e673-8f88-461d-9202-b7e2ea8af99d;2026-07-16;expense;Питание сотрудников;686.0;Наличные;;из отчёта ДДС;;;;День
229;2244c80a-e108-407b-9486-1e19f6290af2;2026-07-16;expense;Расходные материалы;982.0;Наличные;;из отчёта ДДС;;;;День
230;6450c381-4308-42f0-9888-32586d37d097;2026-07-16;income;Выручка наличными;94520.0;Наличные;;из отчёта ДДС · смена;;;;Ночь
231;e9ae52b0-4fde-445e-a349-77520cb1b073;2026-07-16;income;Выручка безналичными;86751.0;Карта;;из отчёта ДДС · смена;;;;Ночь
232;329580e5-e1c6-4ff1-8d45-05ef3a7ba337;2026-07-17;income;Выручка наличными;177340.0;Наличные;;из отчёта ДДС · смена;;;;День
233;a0faf930-7ec8-40ae-93c4-2095b1ad6a0d;2026-07-17;income;Выручка безналичными;84993.0;Карта;;из отчёта ДДС · смена;;;;День
234;97060ef8-4a1d-452f-b5a8-30c768b71ec8;2026-07-17;expense;Закупка товара;73506.0;Наличные;;из отчёта ДДС;;;;День
235;c476acbb-1ce3-4737-b5ef-1b7660d5544a;2026-07-17;expense;Выплата поставщику;158891.0;Наличные;;из отчёта ДДС;;;;День
236;3ab749bb-7a3d-4f10-b8e8-7974e9483faf;2026-07-17;expense;Зарплата;23800.0;Наличные;;из отчёта ДДС · доля месяца;;;;День
237;c7b05899-2949-486c-b4c5-163c248df1d4;2026-07-17;expense;Аренда;12200.0;Наличные;;из отчёта ДДС · доля месяца;;;;День
238;2d1e93e2-8f83-4cd9-95a4-8454c1d9aa2f;2026-07-17;expense;Коммунальные услуги;3000.0;Наличные;;из отчёта ДДС · доля месяца;;;;День
239;fea4e329-84ef-4da4-a6c6-59904b4d1842;2026-07-17;expense;Налоги;3000.0;Карта;;из отчёта ДДС · доля месяца;;;;День
240;f65783f2-7548-4ca4-98f5-7c4a7828dae3;2026-07-17;expense;Комиссия банка;3852.0;Карта;;из отчёта ДДС;;;;День
241;44afc076-0b87-4dd8-8a85-3c4a1f450ef9;2026-07-17;expense;Списание товара;108.0;Наличные;;из отчёта ДДС;;;;День
242;202e995b-3a2d-48eb-9e36-b4507e1e3e2d;2026-07-17;expense;Питание сотрудников;666.0;Наличные;;из отчёта ДДС;;;;День
243;13b10b73-6f6b-4bcb-86b4-8ba1a0a4dcdc;2026-07-17;expense;Расходные материалы;90.0;Наличные;;из отчёта ДДС;;;;День
244;d365c06b-b0bd-4797-a5cf-6a1de5a43abe;2026-07-17;expense;Иман;1440.0;Наличные;;из отчёта ДДС;;;;День
245;f8e62190-ae04-4750-9676-a50180f6abd6;2026-07-17;income;Выручка наличными;81750.0;Наличные;;из отчёта ДДС · смена;;;;Ночь
246;060b8507-fd39-4ee8-bf6d-030a1cc49326;2026-07-17;income;Выручка безналичными;81106.0;Карта;;из отчёта ДДС · смена;;;;Ночь
247;46f99fb1-3ef9-48f4-98c3-69eb2a7270da;2026-07-18;income;Выручка наличными;148676.0;Наличные;;из отчёта ДДС · смена;;;;День
248;27f9e3c8-4171-4ace-bccc-7903ceb723e4;2026-07-18;income;Выручка безналичными;81483.0;Карта;;из отчёта ДДС · смена;;;;День
249;4fdbfe7d-7cb9-435d-9f6e-efa37e471839;2026-07-18;expense;Закупка товара;23161.0;Наличные;;из отчёта ДДС;;;;День
250;cc6a9679-618b-49af-8916-0460266b18ae;2026-07-18;expense;Выплата поставщику;411000.0;Наличные;;из отчёта ДДС;;;;День
251;7ec83629-38a2-42b4-b665-94683c0483e8;2026-07-18;expense;Зарплата;23800.0;Наличные;;из отчёта ДДС · доля месяца;;;;День
252;8b6bfc87-b6fe-49a2-b24a-fee6d0eb825c;2026-07-18;expense;Аренда;12200.0;Наличные;;из отчёта ДДС · доля месяца;;;;День
253;fe98fd12-4c6a-4924-90f2-bfc930a3b88d;2026-07-18;expense;Коммунальные услуги;3000.0;Наличные;;из отчёта ДДС · доля месяца;;;;День
254;9a4705ba-3842-43c5-997b-422e8c5ad586;2026-07-18;expense;Налоги;3000.0;Карта;;из отчёта ДДС · доля месяца;;;;День
255;36e70805-c49e-4d9e-b49f-1f4976596478;2026-07-18;expense;Комиссия банка;3589.0;Карта;;из отчёта ДДС;;;;День
256;5a65bf47-8743-4dcd-a491-4079c1a48ef5;2026-07-18;expense;Списание товара;727.0;Наличные;;из отчёта ДДС;;;;День
257;6efe60b5-175f-42aa-b5f7-271b05f69bd0;2026-07-18;expense;Питание сотрудников;712.0;Наличные;;из отчёта ДДС;;;;День
258;9b1f0bf4-a2cb-4f88-850a-0f1246dd72b7;2026-07-18;expense;Расходные материалы;486.0;Наличные;;из отчёта ДДС;;;;День
259;b567abdb-7c6f-4b61-af19-b08de7c911dc;2026-07-18;expense;Иман;13209.0;Наличные;;из отчёта ДДС;;;;День
260;3b8c6832-d11b-47a2-b041-e2aa7f71e44b;2026-07-18;income;Выручка наличными;139418.0;Наличные;;из отчёта ДДС · смена;;;;Ночь
261;702a4c9b-c144-481e-b4f8-704ea617cebc;2026-07-18;income;Выручка безналичными;94684.0;Карта;;из отчёта ДДС · смена;;;;Ночь
262;b3375aa9-1bcb-47f3-aa7f-10720a0f1d4a;2026-07-19;income;Выручка наличными;160001.0;Наличные;;из отчёта ДДС · смена;;;;День
263;810e419e-3b5e-430c-8b0d-1e54ed048c2d;2026-07-19;income;Выручка безналичными;80851.0;Карта;;из отчёта ДДС · смена;;;;День
264;842400ba-3a94-4d6b-83a5-5b2d40609bbc;2026-07-19;expense;Закупка товара;44039.0;Наличные;;из отчёта ДДС;;;;День
265;93362e04-3483-43a2-9b29-7f6f013b951e;2026-07-19;expense;Выплата поставщику;159205.0;Наличные;;из отчёта ДДС;;;;День
266;8b8d9315-2c67-41d5-8289-923f40a5746e;2026-07-19;expense;Зарплата;23800.0;Наличные;;из отчёта ДДС · доля месяца;;;;День
267;f7959052-ce60-4b1e-a045-1806dd812501;2026-07-19;expense;Аренда;12200.0;Наличные;;из отчёта ДДС · доля месяца;;;;День
268;32d87b50-5f47-4764-9360-2b2b76c2d201;2026-07-19;expense;Коммунальные услуги;3000.0;Наличные;;из отчёта ДДС · доля месяца;;;;День
269;dc4d3571-c21c-4574-9abd-2b1014b40c17;2026-07-19;expense;Налоги;3000.0;Карта;;из отчёта ДДС · доля месяца;;;;День
270;1831ac80-e4c1-4d1c-8fd2-1acc32eaf5b2;2026-07-19;expense;Комиссия банка;3680.0;Карта;;из отчёта ДДС;;;;День
271;b4c4d51e-b94a-4704-943c-ec8ace8715c7;2026-07-19;expense;Списание товара;726.0;Наличные;;из отчёта ДДС;;;;День
272;eb5dc501-0683-482e-af67-240e797861ea;2026-07-19;expense;Питание сотрудников;640.0;Наличные;;из отчёта ДДС;;;;День
273;488f4adc-5fa7-4af1-8f85-7bf10c5cf7f6;2026-07-19;expense;Расходные материалы;129.0;Наличные;;из отчёта ДДС;;;;День
274;0d76ee3c-4dce-4756-bcdf-7b84f51b8abc;2026-07-19;expense;Иман;1000.0;Наличные;;из отчёта ДДС;;;;День
275;b8d9f8f9-b9d4-490a-a984-29f6f62bb20b;2026-07-19;income;Выручка наличными;78190.0;Наличные;;из отчёта ДДС · смена;;;;Ночь
276;e8ae5f8f-01a9-4373-8f09-b88c56ac7a7b;2026-07-19;income;Выручка безналичными;70348.0;Карта;;из отчёта ДДС · смена;;;;Ночь
277;0a0ce3e0-dc6a-441a-9efe-be095c7b4ad2;2026-07-20;income;Выручка наличными;135220.0;Наличные;;из отчёта ДДС · смена;;;;День
278;5617f554-92e3-4ef5-931d-a490081425fb;2026-07-20;income;Выручка безналичными;91919.0;Карта;;из отчёта ДДС · смена;;;;День
279;4c6f08c2-3605-4114-94b5-7d7668f9d10f;2026-07-20;expense;Закупка товара;21090.0;Наличные;;из отчёта ДДС;;;;День
280;f5bb6ca3-1e81-430d-a24d-efe1be47d4d4;2026-07-20;expense;Выплата поставщику;399618.0;Наличные;;из отчёта ДДС;;;;День
281;5d1c6856-d2fa-4f95-bb37-28e0b2dbd0fe;2026-07-20;expense;Зарплата;23800.0;Наличные;;из отчёта ДДС · доля месяца;;;;День
282;6fddee2d-e092-4344-8183-c0e0c5f8e752;2026-07-20;expense;Аренда;12200.0;Наличные;;из отчёта ДДС · доля месяца;;;;День
283;300bf472-e13a-4d92-b3e0-c5cc4b2caa02;2026-07-20;expense;Коммунальные услуги;3000.0;Наличные;;из отчёта ДДС · доля месяца;;;;День
284;9ba972ce-daed-48b8-9bce-186c1fc5122c;2026-07-20;expense;Налоги;3000.0;Карта;;из отчёта ДДС · доля месяца;;;;День
285;67f4b622-8ebe-4f2e-885f-6904168d046b;2026-07-20;expense;Комиссия банка;3818.0;Карта;;из отчёта ДДС;;;;День
286;8c4a2de4-10d5-4d39-99a7-0f6f9991238b;2026-07-20;expense;Списание товара;630.0;Наличные;;из отчёта ДДС;;;;День
287;19d9264b-690d-44d5-ac71-7df460fc0b26;2026-07-20;expense;Питание сотрудников;712.0;Наличные;;из отчёта ДДС;;;;День
288;d5edf14d-bd57-49e8-902c-100612ef02dd;2026-07-20;expense;Расходные материалы;633.0;Наличные;;из отчёта ДДС;;;;День
289;11374a9d-bf90-4fe8-b105-6997c67c1676;2026-07-20;income;Выручка наличными;85025.0;Наличные;;из отчёта ДДС · смена;;;;Ночь
290;dfea72ca-189b-4d1c-a1f6-1d6c1eac90e8;2026-07-20;income;Выручка безналичными;74839.0;Карта;;из отчёта ДДС · смена;;;;Ночь
291;c208cfb1-fb65-414a-be57-bff6c5b4a292;2026-07-20;expense;Иман;3000.0;Наличные;;из отчёта ДДС;;;;Ночь
292;052e1dbb-9a85-46fa-99e8-6cee1e97e8c3;2026-07-21;income;Выручка наличными;152231.0;Наличные;;из отчёта ДДС · смена;;;;День
293;5bec0f5c-2b44-475f-80e3-aaf3e0483b68;2026-07-21;income;Выручка безналичными;100756.0;Карта;;из отчёта ДДС · смена;;;;День
294;32bf41ae-db32-4a28-946f-a049b6b47ff5;2026-07-21;expense;Закупка товара;71825.0;Наличные;;из отчёта ДДС;;;;День
295;5b875202-9aa9-41c4-b132-ff6e86cb68bb;2026-07-21;expense;Выплата поставщику;203447.0;Наличные;;из отчёта ДДС;;;;День
296;1eac678e-b280-4f51-8c90-abb76590657d;2026-07-21;expense;Зарплата;23800.0;Наличные;;из отчёта ДДС · доля месяца;;;;День
297;b9af121e-db10-45ba-82f3-c4bc71872e7f;2026-07-21;expense;Аренда;12200.0;Наличные;;из отчёта ДДС · доля месяца;;;;День
298;344da058-dbcb-4c72-8745-4b6d143161d3;2026-07-21;expense;Коммунальные услуги;3000.0;Наличные;;из отчёта ДДС · доля месяца;;;;День
299;427ea50e-0afb-4e46-993c-51ee3e98f7b9;2026-07-21;expense;Налоги;3000.0;Карта;;из отчёта ДДС · доля месяца;;;;День
300;38635f33-d48a-40e5-9f0b-ee82453e8ef3;2026-07-21;expense;Комиссия банка;3546.0;Карта;;из отчёта ДДС;;;;День
301;60f2aa29-1e6c-4e92-b18d-c459e9a68592;2026-07-21;expense;Питание сотрудников;673.0;Наличные;;из отчёта ДДС;;;;День
302;aa64e85e-4e40-471e-9395-593efdce1b5e;2026-07-21;expense;Топливо;1500.0;Наличные;;из отчёта ДДС;;;;День
303;ece000aa-0812-4599-98a3-32dbbc96ba70;2026-07-21;expense;Расходные материалы;8867.0;Наличные;;из отчёта ДДС;;;;День
304;be24ec6d-cf41-47c2-b071-6dfc2abe24a7;2026-07-21;expense;Иман;4984.0;Наличные;;из отчёта ДДС;;;;День
305;b4b7bd9b-6aa3-41a0-8698-e84f363deb26;2026-07-21;income;Выручка наличными;70200.0;Наличные;;из отчёта ДДС · смена;;;;Ночь
306;e68d5ce6-5343-49c4-9b06-a4235fb5f996;2026-07-21;income;Выручка безналичными;73182.0;Карта;;из отчёта ДДС · смена;;;;Ночь
307;81166ee8-69b6-4713-9951-623d47a0fbe7;2026-07-22;income;Выручка наличными;167496.0;Наличные;;из отчёта ДДС · смена;;;;День
308;907546f9-8ef7-4ac4-8012-123c34e56d75;2026-07-22;income;Выручка безналичными;103635.0;Карта;;из отчёта ДДС · смена;;;;День
309;b2d636d6-ec01-46a4-b84a-b296aaf69a46;2026-07-22;expense;Закупка товара;68208.0;Наличные;;из отчёта ДДС;;;;День
310;b2a33b79-07ee-453f-8b60-11dc3e7e2d64;2026-07-22;expense;Выплата поставщику;118996.0;Наличные;;из отчёта ДДС;;;;День
311;5460e3e1-c1d6-4963-bc38-360aeeca5edd;2026-07-22;expense;Зарплата;23800.0;Наличные;;из отчёта ДДС · доля месяца;;;;День
312;6161ce00-d97a-4284-a1a9-d7d167e7a0e8;2026-07-22;expense;Аренда;12200.0;Наличные;;из отчёта ДДС · доля месяца;;;;День
313;5b5d2a2f-a9e2-4270-b488-6dc6fc985fcc;2026-07-22;expense;Коммунальные услуги;3000.0;Наличные;;из отчёта ДДС · доля месяца;;;;День
314;14d8d9f2-6df5-4fd0-aefa-d29fa3c3f9ce;2026-07-22;expense;Налоги;3000.0;Карта;;из отчёта ДДС · доля месяца;;;;День
315;eb431900-5a46-4d9d-a03c-cfdf489a914b;2026-07-22;expense;Комиссия банка;4225.0;Карта;;из отчёта ДДС;;;;День
316;0882a527-761e-4669-a750-933f5351c29e;2026-07-22;expense;Списание товара;815.0;Наличные;;из отчёта ДДС;;;;День
317;d9113ddf-38cb-42a3-bb47-a1b3e6549f2f;2026-07-22;expense;Питание сотрудников;737.0;Наличные;;из отчёта ДДС;;;;День
318;feffe52e-887c-4f70-8715-ddfed06949dd;2026-07-22;expense;Расходные материалы;197.0;Наличные;;из отчёта ДДС;;;;День
319;4181e1f4-f635-4c9d-887a-2c9228a966b6;2026-07-22;expense;Иман;2215.0;Наличные;;из отчёта ДДС;;;;День
320;8d3a3065-bc30-4f8f-9c3f-866a5ebc61f5;2026-07-22;income;Выручка наличными;86440.0;Наличные;;из отчёта ДДС · смена;;;;Ночь
321;dfab0be2-31db-4cd4-972d-d9c1c1069ce2;2026-07-22;income;Выручка безналичными;79259.0;Карта;;из отчёта ДДС · смена;;;;Ночь
322;a994ac14-dd04-44a0-b03e-30829b1b6832;2026-07-23;income;Выручка наличными;182437.0;Наличные;;из отчёта ДДС · смена;;;;День
323;9d3e9a69-431e-4914-b15f-b0aa04cd242e;2026-07-23;income;Выручка безналичными;113890.0;Карта;;из отчёта ДДС · смена;;;;День
324;aada610e-3234-457e-ab51-074b0a1f0a1d;2026-07-23;expense;Закупка товара;130525.0;Наличные;;из отчёта ДДС;;;;День
325;6b1aece1-6334-48bf-9a83-2a7b4e5bd3d9;2026-07-23;expense;Выплата поставщику;98711.0;Наличные;;из отчёта ДДС;;;;День
326;e8920396-dd17-489e-9ede-9496ebfc7f01;2026-07-23;expense;Зарплата;23800.0;Наличные;;из отчёта ДДС · доля месяца;;;;День
327;508b302f-7792-44e5-902a-1f868ca2fe6b;2026-07-23;expense;Аренда;12200.0;Наличные;;из отчёта ДДС · доля месяца;;;;День
328;a2235640-d707-409a-9855-cd4eaf2544ea;2026-07-23;expense;Коммунальные услуги;3000.0;Наличные;;из отчёта ДДС · доля месяца;;;;День
329;4bc166a5-f45f-4a49-91c7-1c75b78e9912;2026-07-23;expense;Налоги;3000.0;Карта;;из отчёта ДДС · доля месяца;;;;День
330;60d551df-e9ae-4890-b347-42567025bae9;2026-07-23;expense;Комиссия банка;3970.0;Карта;;из отчёта ДДС;;;;День
331;16bd7294-f6b7-4942-927d-de80d5a18fd1;2026-07-23;expense;Списание товара;370.0;Наличные;;из отчёта ДДС;;;;День
332;fe7746d2-6509-47b6-b50c-9b73a78f55d9;2026-07-23;expense;Питание сотрудников;703.0;Наличные;;из отчёта ДДС;;;;День
333;28245f91-e281-4638-96bf-317cffa7b8d8;2026-07-23;expense;Расходные материалы;180.0;Наличные;;из отчёта ДДС;;;;День
334;3aee8b8c-7c86-4ad0-914e-34fe730cdc9e;2026-07-23;expense;Иман;4930.0;Наличные;;из отчёта ДДС;;;;День
335;85c1bcc1-38ea-4765-a497-4bcfa54f6c80;2026-07-23;income;Выручка наличными;92150.0;Наличные;;из отчёта ДДС · смена;;;;Ночь
336;0cf2635b-103c-4544-8630-2cce9065b294;2026-07-23;income;Выручка безналичными;69656.0;Карта;;из отчёта ДДС · смена;;;;Ночь
337;fb8a4362-0ced-4846-81d7-07a7d29c4f0a;2026-07-23;expense;Иман;61621.0;Наличные;;из отчёта ДДС;;;;Ночь
338;376483df-5345-427c-9a76-575cc2fa21b4;2026-07-24;income;Выручка наличными;152262.0;Наличные;;из отчёта ДДС · смена;;;;День
339;9236758b-d2ce-4c75-8770-2edd42e2757f;2026-07-24;income;Выручка безналичными;114603.0;Карта;;из отчёта ДДС · смена;;;;День
340;82b8c850-4b38-4f16-b8c1-8d7da2dd6afb;2026-07-24;expense;Закупка товара;46874.0;Наличные;;из отчёта ДДС;;;;День
341;63fb3cb0-2d8b-4d13-8e90-0b0826df09ba;2026-07-24;expense;Выплата поставщику;371822.0;Наличные;;из отчёта ДДС;;;;День
342;098364ea-def6-4ee0-a441-23d88f2677fb;2026-07-24;expense;Зарплата;23800.0;Наличные;;из отчёта ДДС · доля месяца;;;;День
343;0717c75b-1efd-4794-99aa-d5453f77d275;2026-07-24;expense;Аренда;12200.0;Наличные;;из отчёта ДДС · доля месяца;;;;День
344;d2b9074f-0d8c-498e-bb68-08690e7dc42c;2026-07-24;expense;Коммунальные услуги;3000.0;Наличные;;из отчёта ДДС · доля месяца;;;;День
345;9e593f4a-ac5a-4bf1-b662-9315f7624c01;2026-07-24;expense;Налоги;3000.0;Карта;;из отчёта ДДС · доля месяца;;;;День
346;665cebc4-a47b-4946-9c75-4d24248272ca;2026-07-24;expense;Комиссия банка;4086.0;Карта;;из отчёта ДДС;;;;День
347;35ae04fa-cf9e-4cfe-b0e5-f15e267852b8;2026-07-24;expense;Списание товара;1120.0;Наличные;;из отчёта ДДС;;;;День
348;8553d2b4-f427-4371-b41d-9baa081e16f9;2026-07-24;expense;Питание сотрудников;712.0;Наличные;;из отчёта ДДС;;;;День
349;7e5e937d-cd13-484b-89b1-ea0856a987a4;2026-07-24;expense;Расходные материалы;110.0;Наличные;;из отчёта ДДС;;;;День
350;7a438026-8a92-47da-90eb-c5d704f6ab36;2026-07-24;expense;Иман;5861.0;Наличные;;из отчёта ДДС;;;;День
351;5ecd59a7-c1a8-444e-aeed-d8555b0071d1;2026-07-24;income;Выручка наличными;101421.0;Наличные;;из отчёта ДДС · смена;;;;Ночь
352;809dded1-a844-4f78-a57a-abec2039fda8;2026-07-24;income;Выручка безналичными;69030.0;Карта;;из отчёта ДДС · смена;;;;Ночь
353;cf821063-d2e7-479f-a241-94a32aea6a8d;2026-07-25;income;Выручка наличными;178968.0;Наличные;;из отчёта ДДС · смена;;;;День
354;65eb2f0e-d752-4002-970a-a5a6fd065662;2026-07-25;income;Выручка безналичными;101964.0;Карта;;из отчёта ДДС · смена;;;;День
355;13987072-d680-4b58-84fe-dd2013881149;2026-07-25;expense;Закупка товара;57482.0;Наличные;;из отчёта ДДС;;;;День
356;473ee5f7-a4c8-4363-a91e-e938ea3920c0;2026-07-25;expense;Выплата поставщику;200420.0;Наличные;;из отчёта ДДС;;;;День
357;3e37c3bc-b4b9-4136-a445-11b0ca82b2a2;2026-07-25;expense;Зарплата;23800.0;Наличные;;из отчёта ДДС · доля месяца;;;;День
358;d4578b31-6f1a-409e-bc28-29fa7e57a619;2026-07-25;expense;Аренда;12200.0;Наличные;;из отчёта ДДС · доля месяца;;;;День
359;2cadb95d-4614-4255-a13e-bdf9f09ab44f;2026-07-25;expense;Коммунальные услуги;3000.0;Наличные;;из отчёта ДДС · доля месяца;;;;День
360;1438d05d-76c7-4051-9b52-0653bc2db7b5;2026-07-25;expense;Налоги;3000.0;Карта;;из отчёта ДДС · доля месяца;;;;День
361;b43f53d3-54c5-4d36-8ea8-6b83321b91f7;2026-07-25;expense;Комиссия банка;4014.0;Карта;;из отчёта ДДС;;;;День
362;e6e453e4-a983-42dc-9c5a-a0f9bb0a00dc;2026-07-25;expense;Списание товара;338.0;Наличные;;из отчёта ДДС;;;;День
363;91ef51f6-5b62-4f84-9f06-4f1bf74b10ea;2026-07-25;expense;Питание сотрудников;700.0;Наличные;;из отчёта ДДС;;;;День
364;7f13b3cd-923c-417c-8ac0-6a80e4d873ab;2026-07-25;expense;Расходные материалы;543.0;Наличные;;из отчёта ДДС;;;;День
365;306643e6-ac10-4484-b155-f4109aac9e8d;2026-07-25;expense;Иман;2545.0;Наличные;;из отчёта ДДС;;;;День
366;fd54afa6-6da2-48cf-b4c3-f50aeb200808;2026-07-25;income;Выручка наличными;105093.0;Наличные;;из отчёта ДДС · смена;;;;Ночь
367;5f364a64-2804-4e8b-aa71-369cd85a4cde;2026-07-25;income;Выручка безналичными;66073.0;Карта;;из отчёта ДДС · смена;;;;Ночь
368;ad1c7785-c40b-42b5-b792-5355e439df18;2026-07-26;income;Выручка наличными;156770.0;Наличные;;из отчёта ДДС · смена;;;;День
369;c2df38ef-fc07-4bf5-bb94-565310318084;2026-07-26;income;Выручка безналичными;87182.0;Карта;;из отчёта ДДС · смена;;;;День
370;0d6fe071-8cb0-4ec9-913b-bf7d72e42f28;2026-07-26;expense;Закупка товара;58499.0;Наличные;;из отчёта ДДС;;;;День
371;a9c9a301-7de0-4c4c-bf07-e267438597b5;2026-07-26;expense;Выплата поставщику;130258.0;Наличные;;из отчёта ДДС;;;;День
372;3a497a64-11f3-4a08-82be-32f3a0204605;2026-07-26;expense;Зарплата;23800.0;Наличные;;из отчёта ДДС · доля месяца;;;;День
373;46a45371-15f6-4803-918e-cdaa28332a91;2026-07-26;expense;Аренда;12200.0;Наличные;;из отчёта ДДС · доля месяца;;;;День
374;d7d58570-df87-44f8-8dfe-5e464ea12d6e;2026-07-26;expense;Коммунальные услуги;3000.0;Наличные;;из отчёта ДДС · доля месяца;;;;День
375;e1eea8cf-48b6-402d-8ed2-3c37b2d16b68;2026-07-26;expense;Налоги;3000.0;Карта;;из отчёта ДДС · доля месяца;;;;День
376;e53d078a-89cf-4dbd-89ff-bec154e1cdd1;2026-07-26;expense;Комиссия банка;3530.0;Карта;;из отчёта ДДС;;;;День
377;07eb52e3-bac9-481c-9f9c-cf17a32300bd;2026-07-26;expense;Списание товара;42.0;Наличные;;из отчёта ДДС;;;;День
378;aa8a7326-fae4-46d6-b9a6-950874e4e56d;2026-07-26;expense;Питание сотрудников;691.0;Наличные;;из отчёта ДДС;;;;День
379;addf74c6-33a7-4c20-9a17-00f19319fbe9;2026-07-26;expense;Расходные материалы;481.0;Наличные;;из отчёта ДДС;;;;День
380;28e73588-7820-48e9-8888-2f82229cba20;2026-07-26;expense;Иман;2840.0;Наличные;;из отчёта ДДС;;;;День
381;e2dff728-5c6e-4770-8560-9f08ed61aa0c;2026-07-26;income;Выручка наличными;82455.0;Наличные;;из отчёта ДДС · смена;;;;Ночь
382;97bf9216-ea65-42ca-841e-a2cffa5c96ad;2026-07-26;income;Выручка безналичными;85402.0;Карта;;из отчёта ДДС · смена;;;;Ночь
383;e39f4f87-9c2d-48e6-94c7-cddf2cc20e76;2026-07-27;income;Выручка наличными;174064.0;Наличные;;из отчёта ДДС · смена;;;;День
384;6ce1e73d-4165-44ad-a58f-c624bd0b5a1d;2026-07-27;income;Выручка безналичными;88092.0;Карта;;из отчёта ДДС · смена;;;;День
385;4026fcba-fd6c-4dc0-b71d-288609983b91;2026-07-27;expense;Закупка товара;46565.0;Наличные;;из отчёта ДДС;;;;День
386;fa26db87-a7e5-4295-8833-4b183b5001ba;2026-07-27;expense;Выплата поставщику;444504.0;Наличные;;из отчёта ДДС;;;;День
387;17df237e-e799-48ad-93fe-51e8d3a1144b;2026-07-27;expense;Зарплата;23800.0;Наличные;;из отчёта ДДС · доля месяца;;;;День
388;f3d5cb76-6756-4e19-b167-c2c1eda2abbb;2026-07-27;expense;Аренда;12200.0;Наличные;;из отчёта ДДС · доля месяца;;;;День
389;1a77d99e-2d39-4720-a737-dc9ea18d3260;2026-07-27;expense;Коммунальные услуги;3000.0;Наличные;;из отчёта ДДС · доля месяца;;;;День
390;559af305-617c-4a59-a21f-230b4788dc4b;2026-07-27;expense;Налоги;3000.0;Карта;;из отчёта ДДС · доля месяца;;;;День
391;62e171a8-e2fb-419e-a6f5-22068562524c;2026-07-27;expense;Комиссия банка;3545.0;Карта;;из отчёта ДДС;;;;День
392;c52cc813-6ea5-472e-bac6-86f2be5e1596;2026-07-27;expense;Списание товара;445.0;Наличные;;из отчёта ДДС;;;;День
393;c4af8d74-c010-4d74-8ce6-403e985945b5;2026-07-27;expense;Питание сотрудников;687.0;Наличные;;из отчёта ДДС;;;;День
394;433268c2-5d78-4639-9c2b-ea45dd0dc2e7;2026-07-27;expense;Иман;5221.0;Наличные;;из отчёта ДДС;;;;День
395;277cd8b8-12ee-41f4-b956-c6d55bc98c1b;2026-07-27;income;Выручка наличными;69515.0;Наличные;;из отчёта ДДС · смена;;;;Ночь
396;c8a7c392-855f-4b15-907e-26c630430c50;2026-07-27;income;Выручка безналичными;59796.0;Карта;;из отчёта ДДС · смена;;;;Ночь
397;b685b99a-c5c2-4579-ad20-e4755d7e25b5;2026-07-28;income;Выручка наличными;198598.0;Наличные;;из отчёта ДДС · смена;;;;День
398;3fc97cbf-3edf-4542-8b38-d9bf97f90d6b;2026-07-28;income;Выручка безналичными;98094.0;Карта;;из отчёта ДДС · смена;;;;День
399;6611a789-de42-44a0-84a9-e2645949a4d2;2026-07-28;expense;Закупка товара;82240.0;Наличные;;из отчёта ДДС;;;;День
400;faa7bacf-5bf3-4109-9602-1e86c7342aef;2026-07-28;expense;Выплата поставщику;294321.0;Наличные;;из отчёта ДДС;;;;День
401;1ac3313a-c785-41c9-8da0-caf28826d9b5;2026-07-28;expense;Зарплата;23800.0;Наличные;;из отчёта ДДС · доля месяца;;;;День
402;e3f67406-a37c-4170-8216-5938282d4455;2026-07-28;expense;Аренда;12200.0;Наличные;;из отчёта ДДС · доля месяца;;;;День
403;34563d4b-74b2-4763-ac8f-bd29d5aada77;2026-07-28;expense;Коммунальные услуги;3000.0;Наличные;;из отчёта ДДС · доля месяца;;;;День
404;40fd7b1b-a4d2-4757-ab5e-bf7fc5ecebab;2026-07-28;expense;Налоги;3000.0;Карта;;из отчёта ДДС · доля месяца;;;;День
405;cce462ce-5607-4c05-86bc-f3c6985d2576;2026-07-28;expense;Комиссия банка;3579.0;Карта;;из отчёта ДДС;;;;День
406;469cc92e-8180-4c8e-8557-19ac53a7c848;2026-07-28;expense;Списание товара;661.0;Наличные;;из отчёта ДДС;;;;День
407;dcf07a3c-390f-4367-ae13-698bc09c0b20;2026-07-28;expense;Питание сотрудников;733.0;Наличные;;из отчёта ДДС;;;;День
408;37b21698-2ae5-4367-a778-8b5915ecc594;2026-07-28;expense;Иман;4500.0;Наличные;;из отчёта ДДС;;;;День
409;503d0e5b-945f-4b58-895b-9a1652bd9e8e;2026-07-28;income;Выручка наличными;82765.0;Наличные;;из отчёта ДДС · смена;;;;Ночь
410;61026d3c-3f8a-4780-9134-e57fc5d4fce4;2026-07-28;income;Выручка безналичными;68202.0;Карта;;из отчёта ДДС · смена;;;;Ночь
411;83301d9f-603d-4d94-874c-afdffa3b766b;2026-07-29;income;Выручка наличными;227599.0;Наличные;;из отчёта ДДС · смена;;;;День
412;ba8e1da6-5b67-499b-8df7-7a7ed7c9a6f9;2026-07-29;income;Выручка безналичными;66385.0;Карта;;из отчёта ДДС · смена;;;;День
413;1aad9955-b1d5-4b19-bb04-39bfc7eb7569;2026-07-29;expense;Закупка товара;111840.0;Наличные;;из отчёта ДДС;;;;День
414;a77e8a99-f544-436e-8e41-c8a669059da1;2026-07-29;expense;Выплата поставщику;196745.0;Наличные;;из отчёта ДДС;;;;День
415;ae1c1376-9bd0-4223-935e-f785abd3f852;2026-07-29;expense;Зарплата;23800.0;Наличные;;из отчёта ДДС · доля месяца;;;;День
416;4c7f09ca-65df-47b0-8f8f-ed5085789947;2026-07-29;expense;Аренда;12200.0;Наличные;;из отчёта ДДС · доля месяца;;;;День
417;8d466380-e1d6-4606-b7a1-d746fa431e72;2026-07-29;expense;Коммунальные услуги;3000.0;Наличные;;из отчёта ДДС · доля месяца;;;;День
418;7eff1446-88c7-454c-8332-9688a1273fec;2026-07-29;expense;Налоги;3000.0;Карта;;из отчёта ДДС · доля месяца;;;;День
419;4836022c-75fe-4401-b5e1-f5caf5dc69ac;2026-07-29;expense;Комиссия банка;3261.0;Карта;;из отчёта ДДС;;;;День
420;572a822c-b24a-4c69-bfab-ffd949137945;2026-07-29;expense;Списание товара;63.0;Наличные;;из отчёта ДДС;;;;День
421;f308c092-40de-42e8-bde4-d500dcc00457;2026-07-29;expense;Питание сотрудников;688.0;Наличные;;из отчёта ДДС;;;;День
422;393cd7ff-e0a6-4faa-a23e-ca6caab43e24;2026-07-29;expense;Расходные материалы;2396.0;Наличные;;из отчёта ДДС;;;;День
423;c21f9ce4-a883-4c50-b63b-a4158ffbf40c;2026-07-29;expense;Иман;9555.0;Наличные;;из отчёта ДДС;;;;День
424;de4958df-c1fa-4b89-9850-6c06678ee5bf;2026-07-29;income;Выручка наличными;76295.0;Наличные;;из отчёта ДДС · смена;;;;Ночь
425;e5571853-eb5f-4ae8-8a48-be6034441246;2026-07-29;income;Выручка безналичными;69260.0;Карта;;из отчёта ДДС · смена;;;;Ночь
426;fb168f01-dc75-4ea2-a82e-c74ce17ebfad;2026-07-29;expense;Иман;47669.0;Наличные;;из отчёта ДДС;;;;Ночь
427;06cd5a77-bf5a-4632-a645-fd123c25f871;2026-07-30;income;Выручка наличными;208285.0;Наличные;;из отчёта ДДС · смена;;;;День
428;57a1327d-3395-427d-9d15-f21456f64352;2026-07-30;income;Выручка безналичными;104938.0;Карта;;из отчёта ДДС · смена;;;;День
429;9897a6aa-d224-48c2-9784-9ccd2d719239;2026-07-30;expense;Закупка товара;114702.0;Наличные;;из отчёта ДДС;;;;День
430;41196372-d151-4b49-941f-aaa721d1ede9;2026-07-30;expense;Выплата поставщику;178286.0;Наличные;;из отчёта ДДС;;;;День
431;81fcb2d6-1242-4fdc-8268-b7ff0546a876;2026-07-30;expense;Зарплата;23800.0;Наличные;;из отчёта ДДС · доля месяца;;;;День
432;d1323b14-8e04-4003-a60e-4a11af5f22a5;2026-07-30;expense;Аренда;12200.0;Наличные;;из отчёта ДДС · доля месяца;;;;День
433;713a031c-fae9-433a-a030-8eb4de3350c5;2026-07-30;expense;Коммунальные услуги;3000.0;Наличные;;из отчёта ДДС · доля месяца;;;;День
434;f93a60c6-65fe-4ebd-b559-cf8d5d7765b1;2026-07-30;expense;Налоги;3000.0;Карта;;из отчёта ДДС · доля месяца;;;;День
435;a724416e-b6e0-48aa-94e1-da34c514de6e;2026-07-30;expense;Комиссия банка;4099.0;Карта;;из отчёта ДДС;;;;День
436;0c153c25-3f52-459e-8ae8-d87bf8556776;2026-07-30;expense;Списание товара;687.0;Наличные;;из отчёта ДДС;;;;День
437;67811553-aef2-463c-b460-34017aec1a27;2026-07-30;expense;Питание сотрудников;701.0;Наличные;;из отчёта ДДС;;;;День
438;04852e87-efb0-4ecb-8faa-9d0cb369477a;2026-07-30;expense;Расходные материалы;1171.0;Наличные;;из отчёта ДДС;;;;День
439;3ac7d137-6b32-41f7-b3d6-07dd67f6a29f;2026-07-30;expense;Иман;4150.0;Наличные;;из отчёта ДДС;;;;День
440;427aa547-cf7b-4deb-a029-9b1d51777650;2026-07-30;income;Выручка наличными;68510.0;Наличные;;из отчёта ДДС · смена;;;;Ночь
441;d913e7b4-4bb3-448d-b4a2-1e045adb977d;2026-07-30;income;Выручка безналичными;62829.0;Карта;;из отчёта ДДС · смена;;;;Ночь
442;0a26dc5a-547e-478d-ad7b-1cba986e7ecf;2026-07-30;expense;Иман;6342.0;Наличные;;из отчёта ДДС;;;;Ночь
443;c2bed72c-2452-49e9-8d10-e66e353eacae;2026-07-31;income;Выручка наличными;225365.0;Наличные;;из отчёта ДДС · смена;;;;День
444;dfcddd3f-a10e-4471-80a9-f9de0c0376d3;2026-07-31;income;Выручка безналичными;100624.0;Карта;;из отчёта ДДС · смена;;;;День
445;9766ecd1-941f-42df-9957-c43aa076cdb7;2026-07-31;expense;Зарплата;23800.0;Наличные;;из отчёта ДДС · доля месяца;;;;День
446;7ba41d1c-8451-4627-800d-45e5412a2dc3;2026-07-31;expense;Аренда;12200.0;Наличные;;из отчёта ДДС · доля месяца;;;;День
447;d3ece0c3-97c8-479c-bec1-abf9b0e47b63;2026-07-31;expense;Коммунальные услуги;3000.0;Наличные;;из отчёта ДДС · доля месяца;;;;День
448;89a066fb-6518-4a39-833f-2450f955ee60;2026-07-31;expense;Налоги;3000.0;Карта;;из отчёта ДДС · доля месяца;;;;День
449;5ac40988-27a4-4927-8b28-68ecd1cc6307;2026-07-31;expense;Комиссия банка;3544.0;Карта;;из отчёта ДДС;;;;День
450;1d2f1bf2-adb6-4c07-add1-5b9f0c01af9d;2026-07-31;expense;Иман;1750.0;Наличные;;из отчёта ДДС;;;;День
451;10d0dbd8-dce3-4b03-a0e0-24db2d7d17f5;2026-07-31;income;Выручка наличными;72191.0;Наличные;;из отчёта ДДС · смена;;;;Ночь
452;1612328a-6f83-4d89-91f4-a61fa5c82ee5;2026-07-31;income;Выручка безналичными;65048.0;Карта;;из отчёта ДДС · смена;;;;Ночь
453;53634716-f40d-4761-8a98-3ced4a819a85;2026-07-31;expense;Иман;47669.0;Наличные;;из отчёта ДДС;;;;Ночь
